,total_distance_m,segment_chord_sum_m,straightness,mean_direction_change_deg,max_direction_change_deg,turn_count_45,turn_rate_45,total_turn_deg,spatial_spread_m,bbox_width_m,bbox_height_m,num_segments,num_points,duplicate_ratio,zero_step_ratio,num_direction_changes,max_step_m
total_distance_m,1.0,0.9659455107625823,0.2778581542108571,-0.43210767933156685,-0.13117017464452677,0.19120017306765402,-0.4572981057695205,0.2158828962113409,0.7831212701015525,0.7178871640699998,0.7020445560797107,0.5030689220565254,0.3294149621244358,-0.2924926358252321,-0.28890711827736054,0.5736708346523434,0.8555550387035219
segment_chord_sum_m,0.9659455107625823,1.0,0.34176257896414247,-0.40948394172720837,-0.19127693033891954,0.08009361797329478,-0.43582146064888655,0.10505529947593281,0.8009499312712478,0.737398602400774,0.7065423055991837,0.4405159994984179,0.2628740081642831,-0.25683512867141217,-0.24884970466380849,0.46535422305108254,0.8559037815312962
straightness,0.2778581542108571,0.34176257896414247,1.0,-0.6743028245554489,-0.5785175821667279,-0.2865756307693425,-0.6263950159400267,-0.29627691396839106,0.39594879127417154,0.34571817260884236,0.34225029652970607,0.15083896790455015,0.0008574929916949799,-0.08731921599128628,0.004754428728231392,0.025332744455508944,0.3624634912982038
mean_direction_change_deg,-0.43210767933156685,-0.40948394172720837,-0.6743028245554489,1.0,0.5812572036079562,0.08981729107753288,0.9220801619062722,0.10385213026191431,-0.5209757433406911,-0.45520782417728184,-0.47218551594597735,-0.18360956766050227,-0.13742733606787524,0.34454715222721655,0.2641926476019412,-0.3464627416234069,-0.47108978932386325
max_direction_change_deg,-0.13117017464452677,-0.19127693033891954,-0.5785175821667279,0.5812572036079562,1.0,0.37607231668178087,0.5351436420921635,0.38148043848252305,-0.3178651732665092,-0.2870569348302502,-0.27149681209172066,0.10077027948749434,0.15619324381423932,0.1416249251588044,0.0469249092483365,0.10728120614756455,-0.20803854623825346
turn_count_45,0.19120017306765402,0.08009361797329478,-0.2865756307693425,0.08981729107753288,0.37607231668178087,1.0,0.11267744010985849,0.9860127753154692,-0.00693955697587249,0.001219695185415177,0.014320942115064255,0.4886275133194569,0.5394676519089546,-0.0910030839630192,-0.21732688997568655,0.7072516866045467,0.06685077000702928
turn_rate_45,-0.4572981057695205,-0.43582146064888655,-0.6263950159400267,0.9220801619062722,0.5351436420921635,0.11267744010985849,1.0,0.09076014363277515,-0.5521882326718087,-0.48226331996656435,-0.5007059412110193,-0.20936393645244047,-0.18386937202260267,0.2983107452995208,0.23270530252121138,-0.36278736996762145,-0.49531071357125833
total_turn_deg,0.2158828962113409,0.10505529947593281,-0.29627691396839106,0.10385213026191431,0.38148043848252305,0.9860127753154692,0.09076014363277515,1.0,0.012593017802443648,0.018730498151911596,0.03300089973616476,0.507476524553284,0.5692719820419,-0.08164589551905636,-0.21424042742213442,0.734370071601917,0.08408175561815963
spatial_spread_m,0.7831212701015525,0.8009499312712478,0.39594879127417154,-0.5209757433406911,-0.3178651732665092,-0.00693955697587249,-0.5521882326718087,0.012593017802443648,1.0,0.8803162738848973,0.8596285536390047,0.2294129992041639,0.13189196137096668,-0.3455170661827782,-0.32102769405746945,0.36389939359631185,0.8545216430306529
bbox_width_m,0.7178871640699998,0.737398602400774,0.34571817260884236,-0.45520782417728184,-0.2870569348302502,0.001219695185415177,-0.48226331996656435,0.018730498151911596,0.8803162738848973,1.0,0.5669134605896821,0.21472565387317172,0.12645252923926828,-0.3057005696204649,-0.2845316747026282,0.33491601236989504,0.7579356079421856
bbox_height_m,0.7020445560797107,0.7065423055991837,0.34225029652970607,-0.47218551594597735,-0.27149681209172066,0.014320942115064255,-0.5007059412110193,0.03300089973616476,0.8596285536390047,0.5669134605896821,1.0,0.2245047807536331,0.14132136501096923,-0.3139185004936288,-0.292881259949168,0.35834157897472435,0.7484380174439551
num_segments,0.5030689220565254,0.4405159994984179,0.15083896790455015,-0.18360956766050227,0.10077027948749434,0.4886275133194569,-0.20936393645244047,0.507476524553284,0.2294129992041639,0.21472565387317172,0.2245047807536331,1.0,0.6407145700119137,0.12139287929803,0.034885055313950836,0.5423445129134553,0.36099802531571296
num_points,0.3294149621244358,0.2628740081642831,0.0008574929916949799,-0.13742733606787524,0.15619324381423932,0.5394676519089546,-0.18386937202260267,0.5692719820419,0.13189196137096668,0.12645252923926828,0.14132136501096923,0.6407145700119137,1.0,0.3344829686724197,0.26431382972743733,0.6673053654468483,0.18585444184590907
duplicate_ratio,-0.2924926358252321,-0.25683512867141217,-0.08731921599128628,0.34454715222721655,0.1416249251588044,-0.0910030839630192,0.2983107452995208,-0.08164589551905636,-0.3455170661827782,-0.3057005696204649,-0.3139185004936288,0.12139287929803,0.3344829686724197,1.0,0.9586864241489342,-0.2695802268048852,-0.30224218171838185
zero_step_ratio,-0.28890711827736054,-0.24884970466380849,0.004754428728231392,0.2641926476019412,0.0469249092483365,-0.21732688997568655,0.23270530252121138,-0.21424042742213442,-0.32102769405746945,-0.2845316747026282,-0.292881259949168,0.034885055313950836,0.26431382972743733,0.9586864241489342,1.0,-0.3274994844483984,-0.29032351463303935
num_direction_changes,0.5736708346523434,0.46535422305108254,0.025332744455508944,-0.3464627416234069,0.10728120614756455,0.7072516866045467,-0.36278736996762145,0.734370071601917,0.36389939359631185,0.33491601236989504,0.35834157897472435,0.5423445129134553,0.6673053654468483,-0.2695802268048852,-0.3274994844483984,1.0,0.3945764373761273
max_step_m,0.8555550387035219,0.8559037815312962,0.3624634912982038,-0.47108978932386325,-0.20803854623825346,0.06685077000702928,-0.49531071357125833,0.08408175561815963,0.8545216430306529,0.7579356079421856,0.7484380174439551,0.36099802531571296,0.18585444184590907,-0.30224218171838185,-0.29032351463303935,0.3945764373761273,1.0
