,gain
mean_direction_change_deg,3994111.2959222794
straightness,1425982.978058815
bbox_width_m,889866.8899469376
num_points,818538.9922580719
num_segments,789333.1760988235
max_step_m,603443.7727632523
spatial_spread_m,598545.2850809097
zero_step_ratio,565350.0554552078
num_direction_changes,515922.14141464233
duplicate_ratio,497396.6859779358
max_direction_change_deg,456884.5432510376
bbox_height_m,351991.5603094101
total_distance_m,351373.8755302429
turn_rate_45,229125.26319122314
total_turn_deg,167489.7927122116
turn_count_45,106542.29931354523
segment_chord_sum_m,78482.16437530518
